{
  "project_info": {
    "project_number": "292543484129",
    "firebase_url": "https://idfc-collection-app.firebaseio.com",
    "project_id": "idfc-collection-app",
    "storage_bucket": "idfc-collection-app.appspot.com"
  },
  "client": [
    {
      "client_info": {
        "mobilesdk_app_id": "1:292543484129:android:a120379f72b79d276ba7a0",
        "android_client_info": {
          "package_name": "com.idfcfirstbank.smartcollect"
        }
      },
      "oauth_client": [
        {
          "client_id": "292543484129-m7j3lvplvarln4096o748keubq0smntc.apps.googleusercontent.com",
          "client_type": 3
        }
      ],
      "api_key": [
        {
          "current_key": "AIzaSyDoHeGsp9L-XxSoWmrHZjzQUN5h0N4DUeM"
        }
      ],
      "services": {
        "appinvite_service": {
          "other_platform_oauth_client": [
            {
              "client_id": "292543484129-m7j3lvplvarln4096o748keubq0smntc.apps.googleusercontent.com",
              "client_type": 3
            },
            {
              "client_id": "292543484129-35b8a7eo2jkj7j2qkc891gpio7dpijrv.apps.googleusercontent.com",
              "client_type": 2,
              "ios_info": {
                "bundle_id": "com.idfcfirstbank.smartcollect"
              }
            }
          ]
        }
      }
    },
    {
      "client_info": {
        "mobilesdk_app_id": "1:292543484129:android:a70ddd9ccb5882016ba7a0",
        "android_client_info": {
          "package_name": "com.idfcfirstbank.smartcollect.hotfix"
        }
      },
      "oauth_client": [
        {
          "client_id": "292543484129-m7j3lvplvarln4096o748keubq0smntc.apps.googleusercontent.com",
          "client_type": 3
        }
      ],
      "api_key": [
        {
          "current_key": "AIzaSyDoHeGsp9L-XxSoWmrHZjzQUN5h0N4DUeM"
        }
      ],
      "services": {
        "appinvite_service": {
          "other_platform_oauth_client": [
            {
              "client_id": "292543484129-m7j3lvplvarln4096o748keubq0smntc.apps.googleusercontent.com",
              "client_type": 3
            },
            {
              "client_id": "292543484129-35b8a7eo2jkj7j2qkc891gpio7dpijrv.apps.googleusercontent.com",
              "client_type": 2,
              "ios_info": {
                "bundle_id": "com.idfcfirstbank.smartcollect"
              }
            }
          ]
        }
      }
    },
    {
      "client_info": {
        "mobilesdk_app_id": "1:292543484129:android:f1a9b039b69ba1716ba7a0",
        "android_client_info": {
          "package_name": "com.idfcfirstbank.smartcollect.sit"
        }
      },
      "oauth_client": [
        {
          "client_id": "292543484129-m7j3lvplvarln4096o748keubq0smntc.apps.googleusercontent.com",
          "client_type": 3
        }
      ],
      "api_key": [
        {
          "current_key": "AIzaSyDoHeGsp9L-XxSoWmrHZjzQUN5h0N4DUeM"
        }
      ],
      "services": {
        "appinvite_service": {
          "other_platform_oauth_client": [
            {
              "client_id": "292543484129-m7j3lvplvarln4096o748keubq0smntc.apps.googleusercontent.com",
              "client_type": 3
            },
            {
              "client_id": "292543484129-35b8a7eo2jkj7j2qkc891gpio7dpijrv.apps.googleusercontent.com",
              "client_type": 2,
              "ios_info": {
                "bundle_id": "com.idfcfirstbank.smartcollect"
              }
            }
          ]
        }
      }
    },
    {
      "client_info": {
        "mobilesdk_app_id": "1:292543484129:android:4e2751a6229181356ba7a0",
        "android_client_info": {
          "package_name": "com.idfcfirstbank.smartcollect.uat"
        }
      },
      "oauth_client": [
        {
          "client_id": "292543484129-m7j3lvplvarln4096o748keubq0smntc.apps.googleusercontent.com",
          "client_type": 3
        }
      ],
      "api_key": [
        {
          "current_key": "AIzaSyDoHeGsp9L-XxSoWmrHZjzQUN5h0N4DUeM"
        }
      ],
      "services": {
        "appinvite_service": {
          "other_platform_oauth_client": [
            {
              "client_id": "292543484129-m7j3lvplvarln4096o748keubq0smntc.apps.googleusercontent.com",
              "client_type": 3
            },
            {
              "client_id": "292543484129-35b8a7eo2jkj7j2qkc891gpio7dpijrv.apps.googleusercontent.com",
              "client_type": 2,
              "ios_info": {
                "bundle_id": "com.idfcfirstbank.smartcollect"
              }
            }
          ]
        }
      }
    },
    {
      "client_info": {
        "mobilesdk_app_id": "1:292543484129:android:4e2751a6229181356ba7a0",
        "android_client_info": {
          "package_name": "com.idfcfirstbank.smartcollect.qa"
        }
      },
      "oauth_client": [
        {
          "client_id": "292543484129-m7j3lvplvarln4096o748keubq0smntc.apps.googleusercontent.com",
          "client_type": 3
        }
      ],
      "api_key": [
        {
          "current_key": "AIzaSyDoHeGsp9L-XxSoWmrHZjzQUN5h0N4DUeM"
        }
      ],
      "services": {
        "appinvite_service": {
          "other_platform_oauth_client": [
            {
              "client_id": "292543484129-m7j3lvplvarln4096o748keubq0smntc.apps.googleusercontent.com",
              "client_type": 3
            },
            {
              "client_id": "292543484129-35b8a7eo2jkj7j2qkc891gpio7dpijrv.apps.googleusercontent.com",
              "client_type": 2,
              "ios_info": {
                "bundle_id": "com.idfcfirstbank.smartcollect"
              }
            }
          ]
        }
      }
    }
  ],
  "configuration_version": "1"
}
